,Unnamed: 0,Unnamed: 0.1,URL,address,signal,lat,lng
0,0,0,https://www.tripadvisor.com/Hotel_Review-g60745-d94368-Reviews-DoubleTree_by_Hilton_Hotel_Boston_Bayside-Boston_Massachusetts.html,"240 Mount Vernon Street at Bayside Center, Boston, MA 02125-3120",finish,42.3202777,-71.04789199999999
1,1,1,https://www.tripadvisor.com/Hotel_Review-g60745-d8316858-Reviews-The_Godfrey_Hotel_Boston-Boston_Massachusetts.html,"505 Washington St, Boston, MA 02111-1211",finish,42.35463980000001,-71.06154269999999
2,2,2,https://www.tripadvisor.com/Hotel_Review-g60745-d94330-Reviews-Seaport_Hotel-Boston_Massachusetts.html,"1 Seaport Lane, Boston, MA 02210-2013",finish,42.3503912,-71.04222039999999
3,3,3,https://www.tripadvisor.com/Hotel_Review-g60745-d111413-Reviews-The_Revolution_Hotel-Boston_Massachusetts.html,"40 Berkeley St, Boston, MA 02116-6316",finish,42.3459092,-71.0709013
4,4,4,https://www.tripadvisor.com/Hotel_Review-g60745-d111444-Reviews-Fairmont_Copley_Plaza_Boston-Boston_Massachusetts.html,"138 St James Avenue, Boston, MA 02116-5002",finish,42.3490269,-71.0763331
5,5,5,https://www.tripadvisor.com/Hotel_Review-g60745-d6485213-Reviews-The_Verb_Hotel-Boston_Massachusetts.html,"1271 Boylston Street, Boston, MA 02215-3410",finish,42.3454596,-71.096992
6,6,6,https://www.tripadvisor.com/Hotel_Review-g60745-d121009-Reviews-Holiday_Inn_Express_Boston-Boston_Massachusetts.html,"69 Boston Street, Boston, MA 02125-1143",finish,42.32715899999999,-71.05938739999999
7,7,7,https://www.tripadvisor.com/Hotel_Review-g60745-d89620-Reviews-Hyatt_Regency_Boston_Harbor-Boston_Massachusetts.html,"101 Harborside Drive, Boston, MA 02128-2918",finish,42.3592641,-71.0272118
8,8,8,https://www.tripadvisor.com/Hotel_Review-g60745-d17452622-Reviews-CitizenM_Boston_North_Station-Boston_Massachusetts.html,"80 Causeway St # 120, Boston, MA 02114-1603",finish,0.0,0.0
9,9,9,https://www.tripadvisor.com/Hotel_Review-g60745-d111441-Reviews-Hyatt_Regency_Boston-Boston_Massachusetts.html,"1 Ave De Lafayette, Boston, MA 02111-1739",finish,42.353555,-71.0611084
10,10,10,https://www.tripadvisor.com/Hotel_Review-g60745-d111418-Reviews-Boston_Park_Plaza-Boston_Massachusetts.html,"50 Park Plaza At Arlington Street, Boston, MA 02116-3912",finish,42.3510417,-71.06970489999999
11,11,11,https://www.tripadvisor.com/Hotel_Review-g60745-d89575-Reviews-Boston_Harbor_Hotel-Boston_Massachusetts.html,"70 Rowes Wharf, Boston, MA 02110-3354",finish,42.3562236,-71.0502554
12,12,12,https://www.tripadvisor.com/Hotel_Review-g60745-d620703-Reviews-InterContinental_Boston-Boston_Massachusetts.html,"510 Atlantic Avenue, Boston, MA 02210-2210",finish,42.3536908,-71.0519125
13,13,13,https://www.tripadvisor.com/Hotel_Review-g60745-d12223452-Reviews-YOTEL_Boston-Boston_Massachusetts.html,"65 Seaport Blvd, Boston, MA 02210-2041",finish,42.3522991,-71.0472113
14,14,14,https://www.tripadvisor.com/Hotel_Review-g60745-d234752-Reviews-Kimpton_Nine_Zero_Hotel-Boston_Massachusetts.html,"90 Tremont St., Boston, MA 02108-4101",finish,42.357306,-71.06068739999999
15,15,15,https://www.tripadvisor.com/Hotel_Review-g60745-d114150-Reviews-Bostonian_Boston-Boston_Massachusetts.html,"26 North Street, Boston, MA 02109-1503",finish,42.3610113,-71.05606639999999
16,16,16,https://www.tripadvisor.com/Hotel_Review-g60745-d1486034-Reviews-W_Boston-Boston_Massachusetts.html,"100 Stuart Street, Boston, MA 02116-4715",finish,42.3508419,-71.0656551
17,17,17,https://www.tripadvisor.com/Hotel_Review-g60745-d20403958-Reviews-Hyatt_Place_Boston_Seaport_District-Boston_Massachusetts.html,"295 Northern Ave, Boston, MA 02210-2025",finish,42.347414,-71.037515
18,18,18,https://www.tripadvisor.com/Hotel_Review-g60745-d647006-Reviews-The_Liberty_a_Luxury_Collection_Hotel_Boston-Boston_Massachusetts.html,"215 Charles Street, Boston, MA 02114-3001",finish,42.3621448,-71.070112
19,19,19,https://www.tripadvisor.com/Hotel_Review-g60745-d15161474-Reviews-Hyatt_Centric_Faneuil_Hall_Boston-Boston_Massachusetts.html,"54-68 Devonshire St, Boston, MA 02109-3612",finish,42.3582602,-71.0571476
20,20,20,https://www.tripadvisor.com/Hotel_Review-g60745-d258705-Reviews-Hotel_Commonwealth-Boston_Massachusetts.html,"500 Commonwealth Avenue, Boston, MA 02215-2606",finish,42.3486282,-71.0952228
21,21,21,https://www.tripadvisor.com/Hotel_Review-g60745-d1201116-Reviews-Battery_Wharf_Hotel_Boston_Waterfront-Boston_Massachusetts.html,"3 Battery Wharf, Boston, MA 02109-1098",finish,42.3673532,-71.0503107
22,22,22,https://www.tripadvisor.com/Hotel_Review-g60745-d89617-Reviews-The_Westin_Copley_Place_Boston-Boston_Massachusetts.html,"10 Huntington Avenue, Boston, MA 02116",finish,42.3484729,-71.0769353
23,23,23,https://www.tripadvisor.com/Hotel_Review-g60745-d4325990-Reviews-Residence_Inn_by_Marriott_Boston_Back_Bay_Fenway-Boston_Massachusetts.html,"125 Brookline Ave, Boston, MA 02215-3904",finish,42.3457793,-71.10059439999999
24,24,24,https://www.tripadvisor.com/Hotel_Review-g60745-d111428-Reviews-Hilton_Boston_Back_Bay-Boston_Massachusetts.html,"40 Dalton Street, Boston, MA 02115-3155",finish,42.3465566,-71.0855717
25,25,25,https://www.tripadvisor.com/Hotel_Review-g60745-d94399-Reviews-Club_Quarters_Hotel_in_Boston-Boston_Massachusetts.html,"161 Devonshire St between Milk & Franklin Streets, Boston, MA 02110-1402",finish,42.3562132,-71.0575314
26,26,26,https://www.tripadvisor.com/Hotel_Review-g60745-d120988-Reviews-Hilton_Boston_Logan_Airport-Boston_Massachusetts.html,"One Hotel Drive Logan International Airport, Boston, MA 02128-5500",finish,42.3656132,-71.0095602
27,27,27,https://www.tripadvisor.com/Hotel_Review-g60745-d111416-Reviews-Boston_Marriott_Copley_Place-Boston_Massachusetts.html,"110 Huntington Avenue, Boston, MA 02116",finish,42.34702,-71.07922200000002
28,28,28,https://www.tripadvisor.com/Hotel_Review-g60745-d268205-Reviews-Embassy_Suites_by_Hilton_Boston_at_Logan_Airport-Boston_Massachusetts.html,"207 Porter Street, Boston, MA 02128-2213",finish,42.3702104,-71.03176210000001
29,29,29,https://www.tripadvisor.com/Hotel_Review-g60745-d595373-Reviews-The_Westin_Boston_Waterfront-Boston_Massachusetts.html,"425 Summer Street, Boston, MA 02210",finish,42.3460859,-71.0432799
30,30,30,https://www.tripadvisor.com/Hotel_Review-g60745-d94326-Reviews-Hilton_Boston_Downtown_Faneuil_Hall-Boston_Massachusetts.html,"89 Broad Street, Boston, MA 02110-3509",finish,42.3574581,-71.0531828
31,31,31,https://www.tripadvisor.com/Hotel_Review-g60745-d1136705-Reviews-Mandarin_Oriental_Boston-Boston_Massachusetts.html,"776 Boylston St, Boston, MA 02199-7841",finish,42.3487748,-71.0813479
32,32,33,https://www.tripadvisor.com/Hotel_Review-g60745-d111423-Reviews-The_Eliot_Hotel-Boston_Massachusetts.html,"370 Commonwealth Ave., Boston, MA 02215-2801",finish,42.3485644,-71.0886357
33,33,34,https://www.tripadvisor.com/Hotel_Review-g60745-d17581985-Reviews-The_Whitney_Hotel_Boston-Boston_Massachusetts.html,"170 Charles St, Boston, MA 02114-3253",finish,42.3605495,-71.0710663
34,34,35,https://www.tripadvisor.com/Hotel_Review-g60745-d114134-Reviews-Lenox_Hotel-Boston_Massachusetts.html,"61 Exeter Street at Boylston, Boston, MA 02116-3505",finish,42.3491924,-71.07961519999999
35,35,36,https://www.tripadvisor.com/Hotel_Review-g60745-d77638-Reviews-The_Inn_At_Longwood_Medical-Boston_Massachusetts.html,"342 Longwood Ave, Boston, MA 02115-5745",finish,42.3383223,-71.1064677
36,36,37,https://www.tripadvisor.com/Hotel_Review-g60745-d89585-Reviews-Four_Seasons_Hotel_Boston-Boston_Massachusetts.html,"200 Boylston St, Boston, MA 02116-3916",finish,42.3521477,-71.0683014
37,37,39,https://www.tripadvisor.com/Hotel_Review-g60745-d321151-Reviews-Loews_Boston_Hotel-Boston_Massachusetts.html,"154 Berkeley Street, Boston, MA 02116-5107",finish,42.34913239999999,-71.0724762
38,38,40,https://www.tripadvisor.com/Hotel_Review-g60745-d13403186-Reviews-Courtyard_Boston_Downtown_North_Station-Boston_Massachusetts.html,"107 Beverly St, Boston, MA 02114-2102",finish,42.3656768,-71.0596539
39,39,41,https://www.tripadvisor.com/Hotel_Review-g60745-d94337-Reviews-XV_Beacon-Boston_Massachusetts.html,"15 Beacon St, Boston, MA 02108-2902",finish,42.3584016,-71.0619665
40,40,42,https://www.tripadvisor.com/Hotel_Review-g60745-d8142646-Reviews-Hilton_Garden_Inn_Boston_Logan_Airport-Boston_Massachusetts.html,"100 Boardman St, Boston, MA 02128-2657",finish,42.38975490000001,-71.01223499999999
41,41,43,https://www.tripadvisor.com/Hotel_Review-g60745-d94371-Reviews-The_Colonnade_Hotel-Boston_Massachusetts.html,"120 Huntington Avenue Back Bay, Boston, MA 02116-5730",finish,42.3454541,-71.0810685
42,42,44,https://www.tripadvisor.com/Hotel_Review-g60745-d8112658-Reviews-The_Envoy_Hotel_Autograph_Collection-Boston_Massachusetts.html,"70 Sleeper St, Boston, MA 02210-1226",finish,42.35375090000001,-71.0482098
43,43,45,https://www.tripadvisor.com/Hotel_Review-g60745-d268207-Reviews-Residence_Inn_Boston_Harbor_On_Tudor_Wharf-Boston_Massachusetts.html,"34 Charles River Ave # 44, Boston, MA 02129-2005",finish,0.0,0.0
44,44,46,https://www.tripadvisor.com/Hotel_Review-g60745-d287606-Reviews-Kimpton_Onyx_Hotel-Boston_Massachusetts.html,"155 Portland St, Boston, MA 02114-1702",finish,42.3641945,-71.0613606
45,45,47,https://www.tripadvisor.com/Hotel_Review-g60745-d94367-Reviews-Harborside_Inn-Boston_Massachusetts.html,"185 State Street, Boston, MA 02109-2627",finish,42.3592418,-71.05292380000002
46,46,48,https://www.tripadvisor.com/Hotel_Review-g60745-d518130-Reviews-Boston_Yacht_Haven_Inn_Marina-Boston_Massachusetts.html,"87 Commercial Wharf, Boston, MA 02110-3800",finish,42.3620143,-71.0484369
47,47,49,https://www.tripadvisor.com/Hotel_Review-g60745-d89599-Reviews-Omni_Parker_House-Boston_Massachusetts.html,"60 School Street, Boston, MA 02108-4109",finish,42.3577304,-71.0601302
48,48,50,https://www.tripadvisor.com/Hotel_Review-g60745-d89600-Reviews-Revere_Hotel_Boston_Common-Boston_Massachusetts.html,"200 Stuart Street, Boston, MA 02116-5442",finish,42.3503716,-71.0674657
49,49,51,https://www.tripadvisor.com/Hotel_Review-g60745-d8145467-Reviews-Element_Boston_Seaport_District-Boston_Massachusetts.html,"391-395 D Street, Boston, MA 02210-1907",finish,42.3430541,-71.045355
50,50,52,https://www.tripadvisor.com/Hotel_Review-g60745-d111417-Reviews-Boston_Marriott_Long_Wharf-Boston_Massachusetts.html,"296 State Street, Boston, MA 02109",finish,42.3602243,-71.0508754
51,51,53,https://www.tripadvisor.com/Hotel_Review-g60745-d111422-Reviews-DoubleTree_Suites_by_Hilton_Boston_Cambridge-Boston_Massachusetts.html,"400 Soldiers Field Road Allston, Boston, MA 02134-1893",finish,42.3601302,-71.1181605
52,52,54,https://www.tripadvisor.com/Hotel_Review-g60745-d21005926-Reviews-Home2_Suites_by_Hilton_Boston_South_Bay-Boston_Massachusetts.html,"15 Jan Karski Way, Boston, MA 02125-2693",finish,42.3255847,-71.0604982
53,53,55,https://www.tripadvisor.com/Hotel_Review-g60745-d17768161-Reviews-Moxy_Boston_Downtown-Boston_Massachusetts.html,"240 Tremont Street, Boston, MA 02116",finish,42.35086099999999,-71.06468009999999
54,54,57,https://www.tripadvisor.com/Hotel_Review-g60745-d217550-Reviews-DoubleTree_by_Hilton_Hotel_Boston_Downtown-Boston_Massachusetts.html,"821 Washington Street, Boston, MA 02111-1519",finish,42.34896380000001,-71.0642155
55,55,58,https://www.tripadvisor.com/Hotel_Review-g60745-d320038-Reviews-Hampton_Inn_Suites_Boston_Crosstown_Center-Boston_Massachusetts.html,"811 Massachusetts Avenue, Boston, MA 02118-2605",finish,42.33265290000001,-71.0729763
56,56,59,https://www.tripadvisor.com/Hotel_Review-g60745-d8145466-Reviews-Aloft_Boston_Seaport_District-Boston_Massachusetts.html,"401 D St # 403, Boston, MA 02210-1907",finish,0.0,0.0
57,57,60,https://www.tripadvisor.com/Hotel_Review-g60745-d217546-Reviews-Wyndham_Boston_Beacon_Hill-Boston_Massachusetts.html,"5 Blossom St, Boston, MA 02114-3106",finish,42.361695,-71.0666947
58,58,61,https://www.tripadvisor.com/Hotel_Review-g60745-d13351021-Reviews-AC_Hotel_by_Marriott_Boston_Cleveland_Circle-Boston_Massachusetts.html,"395 Chestnut Hill Ave, Boston, MA 02135-7769",finish,42.33477329999999,-71.1502824
59,59,62,https://www.tripadvisor.com/Hotel_Review-g60745-d15618152-Reviews-Cambria_Hotel_Boston_Downtown-Boston_Massachusetts.html,"6 W Broadway, Boston, MA 02127-1016",finish,42.3432437,-71.0569696
60,60,63,https://www.tripadvisor.com/Hotel_Review-g60745-d89592-Reviews-Found_Hotel_Boston_Common-Boston_Massachusetts.html,"78 Charles St South, Boston, MA 02116-5443",finish,42.3499744,-71.0664443
61,61,65,https://www.tripadvisor.com/Hotel_Review-g60745-d313573-Reviews-Courtyard_Boston_Copley_Square-Boston_Massachusetts.html,"88 Exeter St, Boston, MA 02116-3504",finish,42.3485863,-71.0788633
62,62,66,https://www.tripadvisor.com/Hotel_Review-g60745-d94344-Reviews-Marriott_Vacation_Club_Pulse_at_Custom_House_Boston-Boston_Massachusetts.html,"3 McKinley Square, Boston, MA 02109-2609",finish,42.35903099999999,-71.0535143
63,63,67,https://www.tripadvisor.com/Hotel_Review-g60745-d1159285-Reviews-The_Inn_At_St_Botolph-Boston_Massachusetts.html,"99 Saint Botolph St, Boston, MA 02116-6404",finish,42.345032,-71.080845
64,64,68,https://www.tripadvisor.com/Hotel_Review-g60745-d499916-Reviews-The_Boxer_Boston-Boston_Massachusetts.html,"107 Merrimac St, Boston, MA 02114-4709",finish,42.3638797,-71.06251569999999
65,65,69,https://www.tripadvisor.com/Hotel_Review-g60745-d217000-Reviews-Studio_Allston_Hotel-Boston_Massachusetts.html,"1234 Soldiers Field Rd, Boston, MA 02135-1002",finish,42.3636727,-71.1363571
66,66,71,https://www.tripadvisor.com/Hotel_Review-g60745-d280420-Reviews-The_College_Club_of_Boston-Boston_Massachusetts.html,"44 Commonwealth Ave, Boston, MA 02116-3104",finish,42.3527545,-71.0733154
67,67,72,https://www.tripadvisor.com/Hotel_Review-g60745-d1138709-Reviews-Hotel_Indigo_Boston_Garden-Boston_Massachusetts.html,"280 Friend St, Boston, MA 02114-1801",finish,42.3648163,-71.0615653
68,68,73,https://www.tripadvisor.com/Hotel_Review-g60745-d111434-Reviews-Newbury_Guest_House-Boston_Massachusetts.html,"261 Newbury St, Boston, MA 02116-2402",finish,42.3496438,-71.08332010000001
69,69,74,https://www.tripadvisor.com/Hotel_Review-g60745-d4232689-Reviews-Residence_Inn_Boston_Downtown_Seaport-Boston_Massachusetts.html,"370 Congress St, Boston, MA 02210-1810",finish,42.3503401,-71.0477831
70,70,75,https://www.tripadvisor.com/Hotel_Review-g60745-d12882338-Reviews-AC_Hotel_by_Marriott_Boston_Downtown-Boston_Massachusetts.html,"225 Albany St, Boston, MA 02118-2201",finish,42.34534379999999,-71.061661
71,71,76,https://www.tripadvisor.com/Hotel_Review-g60745-d3169894-Reviews-HI_Boston_Hostel-Boston_Massachusetts.html,"19 Stuart Street, Boston, MA 02116-4723",finish,42.3511117,-71.0634137
72,72,77,https://www.tripadvisor.com/Hotel_Review-g60745-d89619-Reviews-Courtyard_Boston_Downtown-Boston_Massachusetts.html,"275 Tremont Street, Boston, MA 02116",finish,42.3500654,-71.0654299
73,73,78,https://www.tripadvisor.com/Hotel_Review-g60745-d15528935-Reviews-Residence_Inn_Boston_Downtown_South_End-Boston_Massachusetts.html,"2001 Washington St, Boston, MA 02119-2019",finish,42.3336376,-71.081672
74,74,79,https://www.tripadvisor.com/Hotel_Review-g60745-d89568-Reviews-Staypineapple_A_Delightful_Hotel_South_End_Boston-Boston_Massachusetts.html,"26 Chandler Street, Boston, MA 02116-5221",finish,42.3469237,-71.0706459
75,75,80,https://www.tripadvisor.com/Hotel_Review-g60745-d3952875-Reviews-Bricco_Suites-Boston_Massachusetts.html,"241 Hanover St, Boston, MA 02113-2322",finish,42.3631289,-71.0549071
76,76,81,https://www.tripadvisor.com/Hotel_Review-g60745-d678412-Reviews-Renaissance_Boston_Waterfront_Hotel-Boston_Massachusetts.html,"606 Congress Street, Boston, MA 02210-2803",finish,42.3480847,-71.039098
77,77,82,https://www.tripadvisor.com/Hotel_Review-g60745-d217148-Reviews-Ramada_by_Wyndham_Boston-Boston_Massachusetts.html,"800 William T Morrissey Blvd, Boston, MA 02122-3404",finish,42.2948199,-71.04739219999999
78,78,83,https://www.tripadvisor.com/Hotel_Review-g60745-d549445-Reviews-Hotel_140-Boston_Massachusetts.html,"140 Clarendon Street Back Bay, Boston, MA 02116-5169",finish,42.3486305,-71.07446
79,79,84,https://www.tripadvisor.com/Hotel_Review-g60745-d3225572-Reviews-EnVision_Hotel_Boston_Longwood-Boston_Massachusetts.html,"81 South Huntington Avenue, Boston, MA 02130-4704",finish,42.3298962,-71.1116847
80,80,85,https://www.tripadvisor.com/Hotel_Review-g60745-d89596-Reviews-Oasis_Guest_House-Boston_Massachusetts.html,"22 Edgerly Rd Fenway Kenmore, Boston, MA 02115-3007",finish,42.3458633,-71.0877653
81,81,86,https://www.tripadvisor.com/Hotel_Review-g60745-d120977-Reviews-Copley_House-Boston_Massachusetts.html,"239 W Newton St, Boston, MA 02116-6412",finish,42.3445836,-71.0802096
82,82,87,https://www.tripadvisor.com/Hotel_Review-g60745-d89602-Reviews-Sheraton_Boston_Hotel-Boston_Massachusetts.html,"39 Dalton Street Prudential Center, Boston, MA 02199-3901",finish,42.3465151,-71.08392239999999
83,83,89,https://www.tripadvisor.com/Hotel_Review-g60745-d254294-Reviews-Constitution_Marina_s_Bed_Breakfast_Afloat-Boston_Massachusetts.html,"28 Constitution Rd Charlestown, Boston, MA 02129-2008",finish,42.371038,-71.0605593
84,84,90,https://www.tripadvisor.com/Hotel_Review-g60745-d94363-Reviews-Courtyard_by_Marriott_Boston_Logan_Airport-Boston_Massachusetts.html,"225 William F McClellan Hwy, Boston, MA 02128-1176",finish,42.3872486,-71.0164396
85,85,91,https://www.tripadvisor.com/Hotel_Review-g60745-d222958-Reviews-Comfort_Inn_Boston-Boston_Massachusetts.html,"900 William T Morrissey Blvd, Boston, MA 02122-3329",finish,42.292679,-71.047135
86,86,92,https://www.tripadvisor.com/Hotel_Review-g60745-d13846823-Reviews-Boston_Luxury_Suites-Boston_Massachusetts.html,"7 Doris St, Boston, MA 02125-1427",finish,42.3134385,-71.0563116
87,87,93,https://www.tripadvisor.com/Hotel_Review-g60745-d15334761-Reviews-Global_Luxury_Suites_On_Harrison_Ave-Boston_Massachusetts.html,"8 Harrison Ave, Boston, MA 02111-2014",finish,42.3522424,-71.06083319999999
88,88,94,https://www.tripadvisor.com/Hotel_Review-g60745-d16901250-Reviews-Four_Seasons_Hotel_One_Dalton_Street_Boston-Boston_Massachusetts.html,"1 Dalton St, Boston, MA 02115-3184",finish,42.345,-71.08431399999999
89,89,95,https://www.tripadvisor.com/Hotel_Review-g60745-d222955-Reviews-The_Ritz_Carlton_Boston-Boston_Massachusetts.html,"10 Avery Street, Boston, MA 02111",finish,42.3531023,-71.06334009999999
90,90,97,https://www.tripadvisor.com/Hotel_Review-g60745-d1467037-Reviews-Green_Turtle_Floating_Bed_and_Breakfast-Boston_Massachusetts.html,"1 Pier 8 at the end of 13th Street, Boston, MA 02129-2017",finish,42.3757247,-71.04968389999999
91,91,98,https://www.tripadvisor.com/Hotel_Review-g60745-d225873-Reviews-Charlesmark_Hotel-Boston_Massachusetts.html,"655 Boylston St, Boston, MA 02116-2804",finish,42.3500609,-71.0785848
92,92,99,https://www.tripadvisor.com/Hotel_Review-g60745-d555224-Reviews-Courtyard_Boston_South_Boston-Boston_Massachusetts.html,"63R Bolton St, Boston, MA 02127-1105",finish,42.3415599,-71.0523116
93,93,100,https://www.tripadvisor.com/Hotel_Review-g60745-d77629-Reviews-Hotel_Boston-Boston_Massachusetts.html,"40 Mount Hood Rd, Boston, MA 02135-5604",finish,42.341758,-71.1431854
94,94,101,https://www.tripadvisor.com/Hotel_Review-g60745-d89615-Reviews-The_Newbury_Boston-Boston_Massachusetts.html,"One Newbury Street, Boston, MA 02116",finish,42.3526921,-71.07124259999999
95,95,103,https://www.tripadvisor.com/Hotel_Review-g60745-d21002823-Reviews-Homewood_Suites_by_Hilton_Boston_Seaport-Boston_Massachusetts.html,"670 Summer Street Corner of Summer St and Drydock Ave, Boston, MA 02210",finish,42.34325219999999,-71.0372457
96,96,104,https://www.tripadvisor.com/Hotel_Review-g60745-d21002821-Reviews-Hampton_Inn_Boston_Seaport-Boston_Massachusetts.html,"670 Summer Street Corner of Summer St and Drydock Ave, Boston, MA 02210",finish,42.34325219999999,-71.0372457
97,97,105,https://www.tripadvisor.com/Hotel_Review-g60745-d17627659-Reviews-Bedrooms_near_Fenway_Dowtown_Boston-Boston_Massachusetts.html,"182 Heath St, Boston, MA 02130-1129",finish,42.3259636,-71.1049535
98,98,106,https://www.tripadvisor.com/Hotel_Review-g60745-d19957010-Reviews-Private_Rooms_Shared_Bath_In_Cozy_Homestay-Boston_Massachusetts.html,"296 Lexington St, Boston, MA 02128-2514",finish,42.3810426,-71.02904579999999
99,99,107,https://www.tripadvisor.com/Hotel_Review-g60745-d2079076-Reviews-14_Union_Park-Boston_Massachusetts.html,"14 Union Park, Boston, MA 02118-3700",finish,42.3423679,-71.0713075
100,100,108,https://www.tripadvisor.com/Hotel_Review-g60745-d16670117-Reviews-The_Upton-Boston_Massachusetts.html,"592 Tremont St, Boston, MA 02118-1654",finish,42.3429098,-71.07301369999999
101,101,109,https://www.tripadvisor.com/Hotel_Review-g60745-d15012308-Reviews-Perkins_Inn-Boston_Massachusetts.html,"32 Perkins St, Boston, MA 02130-1109",finish,42.3215157,-71.1116615
102,102,110,https://www.tripadvisor.com/Hotel_Review-g60745-d1672194-Reviews-Back_Bay_Beacon-Boston_Massachusetts.html,"113 Beacon St, Boston, MA 02116-1533",finish,42.3549779,-71.0732458
103,103,111,https://www.tripadvisor.com/Hotel_Review-g60745-d13119752-Reviews-Stay_Alfred_on_Longfellow_Place-Boston_Massachusetts.html,"1 Longfellow Place, Boston, MA 02114-2438",finish,42.3637488,-71.06472649999999
104,104,112,https://www.tripadvisor.com/Hotel_Review-g60745-d14994379-Reviews-Stay_Alfred_on_Garrison_Street-Boston_Massachusetts.html,"32 Garrison St, Boston, MA 02116-5740",finish,42.3457058,-71.079083
105,105,113,https://www.tripadvisor.com/Hotel_Review-g60745-d15750391-Reviews-Stay_Alfred_on_A_Street-Boston_Massachusetts.html,"315 A St Ste A, Boston, MA 02210-1660",finish,42.3486656,-71.0483639
106,106,114,https://www.tripadvisor.com/Hotel_Review-g60745-d15689043-Reviews-Stay_Alfred_on_Washington_Street-Boston_Massachusetts.html,"660 Washington St, Boston, MA 02111-3200",finish,42.35181679999999,-71.0624516
107,107,115,https://www.tripadvisor.com/Hotel_Review-g60745-d268206-Reviews-The_Boston_Common_Hotel_and_Conference_Center-Boston_Massachusetts.html,"40 Trinity Pl, Boston, MA 02116-5006",finish,42.3485348,-71.07475459999999
108,108,116,https://www.tripadvisor.com/Hotel_Review-g60745-d15641238-Reviews-Global_Luxury_Suites_at_Emerson_Place-Boston_Massachusetts.html,"10 Emerson Pl, Boston, MA 02114-2204",finish,42.36518890000001,-71.0688121
109,109,117,https://www.tripadvisor.com/Hotel_Review-g60745-d19007532-Reviews-Modern_Back_Bay_Apartments_by_Barsala-Boston_Massachusetts.html,"Edgerly Rd and Norway St, Boston, MA 02116",finish,42.3452107,-71.087604
110,110,118,https://www.tripadvisor.com/Hotel_Review-g60745-d15649221-Reviews-Global_Luxury_Suites_at_West_End-Boston_Massachusetts.html,"175 Blossom St, Boston, MA 02114-2622",finish,42.3645551,-71.0692299
111,111,119,https://www.tripadvisor.com/Hotel_Review-g60745-d15641204-Reviews-Global_Luxury_Suites_at_Seaport-Boston_Massachusetts.html,"315 A St Ste A, Boston, MA 02210-1660",finish,42.3486656,-71.0483639
112,112,120,https://www.tripadvisor.com/Hotel_Review-g60745-d16748526-Reviews-Boston_Homestel-Boston_Massachusetts.html,"36 Moseley St, Boston, MA 02125-1356",finish,42.3202706,-71.0550464
113,113,121,https://www.tripadvisor.com/Hotel_Review-g60745-d12104852-Reviews-Global_Luxury_Suites_Fenway-Boston_Massachusetts.html,"180 Brookline Ave, Boston, MA 02215-3938",finish,42.3443871,-71.100938
114,114,122,https://www.tripadvisor.com/Hotel_Review-g60745-d6484375-Reviews-Furnished_Quarters_Church_Park-Boston_Massachusetts.html,"221 Massachusetts Ave, Boston, MA 02115-3504",finish,42.3444887,-71.0867176
115,115,123,https://www.tripadvisor.com/Hotel_Review-g60745-d15553242-Reviews-Global_Luxury_Suites_At_Longwood-Boston_Massachusetts.html,"35 S Huntington Ave, Boston, MA 02130-4788",finish,42.3311626,-71.1120329
116,116,124,https://www.tripadvisor.com/Hotel_Review-g60745-d13094295-Reviews-Temple_Place_Suites-Boston_Massachusetts.html,"29 Temple Pl Theatre District, Boston, MA 02111-1307",finish,42.355058,-71.06222799999999
117,117,125,https://www.tripadvisor.com/Hotel_Review-g60745-d1157193-Reviews-Oakwood_At_The_Devonshire-Boston_Massachusetts.html,"1 Devonshire Pl, Boston, MA 02109-3510",finish,42.3581915,-71.0574689
118,118,126,https://www.tripadvisor.com/Hotel_Review-g60745-d126058-Reviews-Constitution_Inn-Boston_Massachusetts.html,"150 3rd Ave, Boston, MA 02129-2016",finish,42.37638880000001,-71.0533518
119,119,127,https://www.tripadvisor.com/Hotel_Review-g60745-d7356280-Reviews-Churchill_At_The_Radian-Boston_Massachusetts.html,"120 Kingston St, Boston, MA 02111-2157",finish,42.3522851,-71.05910879999999
120,120,129,https://www.tripadvisor.com/Hotel_Review-g60745-d21314660-Reviews-West_Broadway_Quarters_By_Thatch-Boston_Massachusetts.html,None,again,0.0,0.0
121,121,130,https://www.tripadvisor.com/Hotel_Review-g60745-d19742171-Reviews-Trenton_Street_Homestay-Boston_Massachusetts.html,"78 Trenton St, Boston, MA 02128-2535",finish,42.3790136,-71.0364955
122,122,131,https://www.tripadvisor.com/Hotel_Review-g60745-d21149839-Reviews-Evonify_Corporate_Convention_Center-Boston_Massachusetts.html,"6 Blackwood St, Boston, MA 02115-5147",finish,42.343016,-71.08222909999999
123,123,132,https://www.tripadvisor.com/Hotel_Review-g60745-d15641200-Reviews-Global_Luxury_Suites_at_Mass_General_Hospital-Boston_Massachusetts.html,"4 Emerson Place, Boston, MA 02114-2275",finish,42.3642747,-71.0680228
124,124,133,https://www.tripadvisor.com/Hotel_Review-g60745-d15647517-Reviews-Global_Luxury_Suites_at_the_Commonwealth-Boston_Massachusetts.html,"1 Longfellow Pl, Boston, MA 02114-2438",finish,42.3637488,-71.06472649999999
125,125,135,https://www.tripadvisor.com/Hotel_Review-g60745-d21186838-Reviews-ARTlab_Living_Downtown_Crossing-Boston_Massachusetts.html,"8 Winter St, Boston, MA 02108-4705",finish,42.3555339,-71.0608092
126,126,136,https://www.tripadvisor.com/Hotel_Review-g60745-d15685450-Reviews-Bluebird_Suites_At_Garrison_Square-Boston_Massachusetts.html,"30 Garrison St, Boston, MA 02116-5741",finish,42.3456536,-71.07872619999999
127,127,137,https://www.tripadvisor.com/Hotel_Review-g60745-d15631744-Reviews-Bluebird_On_Canal_Street-Boston_Massachusetts.html,"345 Harrison Ave, Boston, MA 02118-3054",finish,42.3452369,-71.0639399
128,128,138,https://www.tripadvisor.com/Hotel_Review-g60745-d15631668-Reviews-Bluebird_Suites_on_L_Street-Boston_Massachusetts.html,"728 E Broadway, Boston, MA 02127-1504",finish,42.33592300000001,-71.03622899999999
129,129,139,https://www.tripadvisor.com/Hotel_Review-g60745-d20373961-Reviews-Bella_Casa-Boston_Massachusetts.html,None,again,0.0,0.0
130,130,140,https://www.tripadvisor.com/Hotel_Review-g60745-d21182055-Reviews-Harmony_Medical_Suites_ChinaTown-Boston_Massachusetts.html,"8 Harrison Ave, Boston, MA 02111-2083",finish,42.3522424,-71.06083319999999
131,131,141,https://www.tripadvisor.com/Hotel_Review-g60745-d21393311-Reviews-Temple_Place_Suites_2_3-Boston_Massachusetts.html,None,again,0.0,0.0
132,132,142,https://www.tripadvisor.com/Hotel_Review-g60745-d220216-Reviews-Beacon_Hill_Hotel_and_Bistro-Boston_Massachusetts.html,"25 Charles St, Boston, MA 02114-4603",finish,42.3569413,-71.069678
133,133,144,https://www.tripadvisor.com/Hotel_Review-g60745-d1206836-Reviews-Abigayle_s_Bed_and_Breakfast-Boston_Massachusetts.html,"72 Bay State Rd, Boston, MA 02215",finish,42.3498731,-71.09616369999999
134,134,145,https://www.tripadvisor.com/Hotel_Review-g60745-d1577042-Reviews-Montgomery_Place-Boston_Massachusetts.html,"Montgomery St at Dartmouth St, Boston, MA 02116",finish,42.343558,-71.074108
135,135,146,https://www.tripadvisor.com/Hotel_Review-g60745-d621896-Reviews-Nolan_House_B_B-Boston_Massachusetts.html,"10 G St South Boston, Boston, MA 02127-1409",finish,42.3359551,-71.04404280000001
136,136,147,https://www.tripadvisor.com/Hotel_Review-g60745-d1577043-Reviews-The_1863_House_Bed_and_Breakfast-Boston_Massachusetts.html,"W Canton St at Montgomery St, Boston, MA 02118",finish,42.3432031,-71.0753957
137,137,148,https://www.tripadvisor.com/Hotel_Review-g60745-d114149-Reviews-The_Langham_Boston-Boston_Massachusetts.html,"250 Franklin St, Boston, MA 02110-2807",finish,42.35650260000001,-71.0545664
138,138,149,https://www.tripadvisor.com/Hotel_Review-g60745-d111421-Reviews-Copley_Square_Hotel-Boston_Massachusetts.html,"47 Huntington Avenue, Boston, MA 02116-5728",finish,42.3474326,-71.07905199999999
139,139,150,https://www.tripadvisor.com/Hotel_Review-g60745-d94372-Reviews-Boston_Hotel_Buckminster-Boston_Massachusetts.html,"645 Beacon St, Boston, MA 02215-3203",finish,42.3484278,-71.09776769999999
140,140,151,https://www.tripadvisor.com/Hotel_Review-g60745-d94350-Reviews-The_Midtown_Hotel-Boston_Massachusetts.html,"220 Huntington Avenue, Boston, MA 02115-4703",finish,42.3437788,-71.08335679999999
141,141,152,https://www.tripadvisor.com/Hotel_Review-g60745-d222957-Reviews-Best_Western_Plus_Boston_Hotel-Boston_Massachusetts.html,"891 Massachusetts Ave, Boston, MA 02118-2607",finish,42.33173,-71.0713655
142,142,154,https://www.tripadvisor.com/Hotel_Review-g60745-d118441-Reviews-Clarendon_Square-Boston_Massachusetts.html,"198 W Brookline St, Boston, MA 02118-1280",finish,42.3432699,-71.076809
143,143,155,https://www.tripadvisor.com/Hotel_Review-g60745-d777353-Reviews-Aisling-Boston_Massachusetts.html,"21 E Concord St, Boston, MA 02118-1905",finish,42.3370556,-71.0741743
144,144,156,https://www.tripadvisor.com/Hotel_Review-g60745-d254295-Reviews-Encore_Bed_and_Breakfast-Boston_Massachusetts.html,"116 W Newton St, Boston, MA 02118-1203",finish,42.341583,-71.0770411
145,145,157,https://www.tripadvisor.com/Hotel_Review-g60745-d77601-Reviews-Gryphon_House-Boston_Massachusetts.html,"9 Bay State Rd, Boston, MA 02215-2115",finish,42.3501571,-71.0931853
146,146,158,https://www.tripadvisor.com/Hotel_Review-g60745-d13792675-Reviews-No_284-Boston_Massachusetts.html,"284 Commonwealth Ave At the corner of Commonwealth and Gloucester, Boston, MA 02115-2432",finish,42.3497092,-71.0845736
147,147,159,https://www.tripadvisor.com/Hotel_Review-g60745-d7295026-Reviews-Moroccan_Luxury_Suites_Boston-Boston_Massachusetts.html,"8 Salem St, Boston, MA 02129-3008",finish,42.377512,-71.06638629999999
148,148,161,https://www.tripadvisor.com/Hotel_Review-g60745-d943435-Reviews-Caj_Guest_House_Worcester_Street-Boston_Massachusetts.html,"45 Worcester St, Boston, MA 02118-3904",finish,42.3388008,-71.07694830000001
149,149,162,https://www.tripadvisor.com/Hotel_Review-g60745-d7204025-Reviews-82_Chandler_Street_Bed_Breakfast-Boston_Massachusetts.html,"Boston, MA 02116",finish,42.353068,-71.0765188
150,150,163,https://www.tripadvisor.com/Hotel_Review-g60745-d649100-Reviews-Rutland_Square_House-Boston_Massachusetts.html,"56 Rutland Sq South End, Boston, MA 02118-3106",finish,42.3423202,-71.0789678
151,151,164,https://www.tripadvisor.com/Hotel_Review-g60745-d12643193-Reviews-Buckingham_Apartments-Boston_Massachusetts.html,"240 Commonwealth Ave, Boston, MA 02116-2503",finish,42.3503132,-71.08220399999999
152,152,165,https://www.tripadvisor.com/Hotel_Review-g60745-d10408215-Reviews-Bay_Village_Inn-Boston_Massachusetts.html,"13 Fayette St, Boston, MA 02116-5518",finish,42.3492243,-71.0671059
153,153,166,https://www.tripadvisor.com/Hotel_Review-g60745-d1422190-Reviews-Florence_Frances_Guest_House-Boston_Massachusetts.html,"458 Park Dr (between Beacon St & Medfield St), Boston, MA 02215-3750",finish,42.34575840000001,-71.1049535
154,154,167,https://www.tripadvisor.com/Hotel_Review-g60745-d1628775-Reviews-Bayside_Club_Hotel-Boston_Massachusetts.html,"236 Mount Vernon St, Boston, MA 02125-3120",finish,42.32032299999999,-71.04796499999999
155,155,168,https://www.tripadvisor.com/Hotel_Review-g60745-d12440618-Reviews-STR_Boston-Boston_Massachusetts.html,"30 W. Broadway Street, Boston, MA 02116-5416",finish,42.34268369999999,-71.05653339999999
156,156,169,https://www.tripadvisor.com/Hotel_Review-g60745-d286508-Reviews-Casa_do_Zequita_Bed_Breakfast-Boston_Massachusetts.html,"1534 Commonwealth Ave Brighton, Boston, MA 02135-5029",finish,42.3450995,-71.1414399
157,157,170,https://www.tripadvisor.com/Hotel_Review-g60745-d813646-Reviews-The_Boston_Christopher-Boston_Massachusetts.html,"476 Columbus Ave, Boston, MA 02118-3104",finish,42.3429054,-71.0784803
158,158,173,https://www.tripadvisor.com/Hotel_Review-g60745-d15113557-Reviews-Elm_Hill_Manor-Boston_Massachusetts.html,"1 Maple St, Boston, MA 02121-2502",finish,42.3101232,-71.0850378
159,159,177,https://www.tripadvisor.com/Hotel_Review-g60745-d17510061-Reviews-Bay_Village_Suites-Boston_Massachusetts.html,"1-3-5 Cortes And 143 Arlington St, Boston, MA 02116",finish,42.3485831,-71.0696013
160,160,178,https://www.tripadvisor.com/Hotel_Review-g60745-d21199627-Reviews-Sonder_Hancock_Suites-Boston_Massachusetts.html,"40 Hancock St, Boston, MA 02114-4157",finish,42.3597387,-71.0642275
161,161,183,https://www.tripadvisor.com/Hotel_Review-g60745-d1415084-Reviews-Churchill_at_Boston_View-Boston_Massachusetts.html,"130 Bowdoin St, Boston, MA 02108-2721",finish,42.35864670000001,-71.0624516
162,162,186,https://www.tripadvisor.com/Hotel_Review-g60745-d15641193-Reviews-Stay_Alfred_on_Canal_Street-Boston_Massachusetts.html,"101 Canal St, Boston, MA 02114-1807",finish,42.3650387,-71.0602864
163,163,190,https://www.tripadvisor.com/Hotel_Review-g60745-d77602-Reviews-Rudy_s_Bed_and_Breakfast-Boston_Massachusetts.html,"46 Tremlett St, Boston, MA 02124-2137",finish,42.2956625,-71.0675818
164,164,191,https://www.tripadvisor.com/Hotel_Review-g60745-d14655125-Reviews-Patrick_s_Homestay-Boston_Massachusetts.html,"77 Saint Andrew Rd # 2 Unit 2, 2nd Floor, Boston, MA 02128-1223",finish,0.0,0.0
165,165,192,https://www.tripadvisor.com/Hotel_Review-g60745-d16935822-Reviews-Family_Apartments_In_Boston_By_Namastay-Boston_Massachusetts.html,"109 Strathmore Rd, Boston, MA 02135-7118",finish,42.3393141,-71.1512108
166,166,193,https://www.tripadvisor.com/Hotel_Review-g60745-d478706-Reviews-Bunker_Hill_Bed_and_Breakfast-Boston_Massachusetts.html,"80 Elm St Charlestown, Boston, MA 02129-1944",finish,42.3793549,-71.0625677
167,167,194,https://www.tripadvisor.com/Hotel_Review-g60745-d12514053-Reviews-STR_Boston-Boston_Massachusetts.html,"44 Concord Square, Boston, MA 02118-3110",finish,42.3417814,-71.0796177
168,168,195,https://www.tripadvisor.com/Hotel_Review-g60745-d1931800-Reviews-East_Boston_B_B-Boston_Massachusetts.html,"14 Crestway Rd, Boston, MA 02128-1019",finish,42.392472,-71.00569039999999
169,169,196,https://www.tripadvisor.com/Hotel_Review-g60745-d10170222-Reviews-BOS_Hostel-Boston_Massachusetts.html,"232 Friend St, Boston, MA 02114-1801",finish,42.3643369,-71.0611344
170,170,197,https://www.tripadvisor.com/Hotel_Review-g60745-d17570039-Reviews-Savin_Hill_House-Boston_Massachusetts.html,"66 Romsey St, Boston, MA 02125-2062",finish,42.31593090000001,-71.05356069999999
171,171,198,https://www.tripadvisor.com/Hotel_Review-g60745-d15692493-Reviews-Executive_Luxury_Living_Boston-Boston_Massachusetts.html,"28 Exeter St, Boston, MA 02116-2841",finish,42.3501851,-71.0794686
172,172,199,https://www.tripadvisor.com/Hotel_Review-g60745-d15640955-Reviews-Global_Luxury_Suites_at_Boston_Harbor-Boston_Massachusetts.html,"505 Congress St, Boston, MA 02210-2902",finish,42.34803369999999,-71.0411874
173,173,200,https://www.tripadvisor.com/Hotel_Review-g60745-d19007521-Reviews-Boston_Commons_Apartments_by_Barsala-Boston_Massachusetts.html,"2 Boylston St, Boston, MA 02116-4737",finish,42.3520763,-71.0631016
174,174,201,https://www.tripadvisor.com/Hotel_Review-g60745-d16877569-Reviews-Financial_District_Condos-Boston_Massachusetts.html,"Franklin St & Washington St, Boston, MA 02111",finish,40.7190006,-74.0066793
175,175,202,https://www.tripadvisor.com/Hotel_Review-g60745-d20099377-Reviews-Allston_Boston-Boston_Massachusetts.html,"35 Long Ave, Boston, MA 02134-2678",finish,42.3501736,-71.135684
176,176,203,https://www.tripadvisor.com/Hotel_Review-g60745-d17539872-Reviews-102_Chandler_By_Live_Stay_Boston-Boston_Massachusetts.html,"102 Chandler St, Boston, MA 02116-6041",finish,42.3461875,-71.0732922
177,177,204,https://www.tripadvisor.com/Hotel_Review-g60745-d15405636-Reviews-Natalie_House-Boston_Massachusetts.html,"39 Wiltshire Rd, Boston, MA 02135-3921",finish,42.3441984,-71.15536510000001
178,178,205,https://www.tripadvisor.com/Hotel_Review-g60745-d12710301-Reviews-Global_Luxury_Suites_at_Longwood-Boston_Massachusetts.html,"101 S Huntington Ave, Boston, MA 02130-4768",finish,42.3294042,-71.11152229999999
179,179,206,https://www.tripadvisor.com/Hotel_Review-g60745-d15631603-Reviews-Bluebird_Suites_at_Mission_Hill-Boston_Massachusetts.html,"35 S Huntington Ave, Boston, MA 02130-4788",finish,42.3311626,-71.1120329
180,180,207,https://www.tripadvisor.com/Hotel_Review-g60745-d10209494-Reviews-Sunny_Hill_Garden_Suites-Boston_Massachusetts.html,"74 Georgia St, Boston, MA 02121-2528",finish,42.3102024,-71.0855021
181,181,208,https://www.tripadvisor.com/Hotel_Review-g60745-d2194559-Reviews-Friend_Street_Hostel-Boston_Massachusetts.html,"234 Friend St, Boston, MA 02114-1801",finish,42.3643404,-71.0611284
182,182,209,https://www.tripadvisor.com/Hotel_Review-g60745-d2084713-Reviews-Royalton_Suites-Boston_Massachusetts.html,"254 Newbury St, Boston, MA 02116-2403",finish,42.349281,-71.0827166
183,183,210,https://www.tripadvisor.com/Hotel_Review-g60745-d21147048-Reviews-Evonify_Corporate_Theatre_District-Boston_Massachusetts.html,"64 Boylston St, Boston, MA 02116-4719",finish,42.3522468,-71.0643715
184,184,211,https://www.tripadvisor.com/Hotel_Review-g60745-d16932688-Reviews-Boston_Commons_Apartments_by_Barsala-Boston_Massachusetts.html,"Tremont and Boylston, Boston, MA 02116",finish,42.3523583,-71.06455989999999
185,185,212,https://www.tripadvisor.com/Hotel_Review-g60745-d225874-Reviews-The_Farrington_Inn-Boston_Massachusetts.html,"23 Farrington Ave, Boston, MA 02134-1704",finish,42.354276,-71.1308796
186,186,213,https://www.tripadvisor.com/Hotel_Review-g60745-d23096723-Reviews-Global_Luxury_Suites_at_Back_Bay-Boston_Massachusetts.html,"30 Garrison St, Boston, MA 02116-5741",finish,42.3456536,-71.07872619999999
187,187,214,https://www.tripadvisor.com/Hotel_Review-g60745-d21344111-Reviews-Quarters_on_DOT_by_Short_Term_Rentals_Boston-Boston_Massachusetts.html,None,again,0.0,0.0
188,188,215,https://www.tripadvisor.com/Hotel_Review-g60745-d19007523-Reviews-Theatre_District_Condos_by_Barsala-Boston_Massachusetts.html,"Washington and Temple Pl, Boston, MA 02108",finish,42.3552629,-71.0620113
189,189,216,https://www.tripadvisor.com/Hotel_Review-g60745-d15323995-Reviews-Friendly_Home-Boston_Massachusetts.html,"53 Caryll St, Boston, MA 02126-2815",finish,42.275431,-71.07774909999999
190,190,217,https://www.tripadvisor.com/Hotel_Review-g60745-d16935735-Reviews-South_End_Condos_by_Barsala-Boston_Massachusetts.html,"Harrison Ave and Harold St, Boston, MA 02118",finish,42.3422429,-71.0642158
191,191,218,https://www.tripadvisor.com/Hotel_Review-g60745-d21268435-Reviews-West_Broadway_Quarters_By_Short_Term_Rentals_Boston-Boston_Massachusetts.html,None,again,0.0,0.0
192,192,219,https://www.tripadvisor.com/Hotel_Review-g60745-d15641219-Reviews-Global_Luxury_Suites_at_Kenmore_Square-Boston_Massachusetts.html,"1330 Boylston St, Boston, MA 02215-4229",finish,42.3441432,-71.0983938
193,193,220,https://www.tripadvisor.com/Hotel_Review-g60745-d1640645-Reviews-City_Suites_First_of_Boston-Boston_Massachusetts.html,"15 Unity St, Boston, MA 02113-1357",finish,42.3662161,-71.054102
194,194,221,https://www.tripadvisor.com/Hotel_Review-g60745-d15226189-Reviews-Villa_Boston-Boston_Massachusetts.html,"422 Bowdoin St, Boston, MA 02122-1826",finish,42.3104221,-71.0628462
195,195,222,https://www.tripadvisor.com/Hotel_Review-g60745-d21266848-Reviews-Stylish_Downtown_Studio_in_the_SouthEnd_C_Ave_24-Boston_Massachusetts.html,None,again,0.0,0.0
196,196,223,https://www.tripadvisor.com/Hotel_Review-g60745-d15637104-Reviews-284_Marlborough_By_Lyon_Apartments-Boston_Massachusetts.html,"284 Marlborough St, Boston, MA 02116-1633",finish,42.3514298,-71.0834276
197,197,224,https://www.tripadvisor.com/Hotel_Review-g60745-d15661091-Reviews-Reggie_s_Place-Boston_Massachusetts.html,"90 Warrenton St Apt 8, Boston, MA 02116-5618",finish,42.3505131,-71.0662102
198,198,225,https://www.tripadvisor.com/Hotel_Review-g60745-d20051801-Reviews-Downtown_Boston_Apartments_by_Evonify_Copley_Square-Boston_Massachusetts.html,None,again,0.0,0.0
199,199,226,https://www.tripadvisor.com/Hotel_Review-g60745-d15631719-Reviews-Bluebird_At_North_End-Boston_Massachusetts.html,"Canal Street, Boston, MA 02114",finish,42.3644727,-71.060035
200,200,227,https://www.tripadvisor.com/Hotel_Review-g60745-d10411713-Reviews-Virtue_Properties-Boston_Massachusetts.html,"West Concord Street, Boston, MA 02118",finish,42.3393905,-71.0767268
201,201,228,https://www.tripadvisor.com/Hotel_Review-g60745-d23169430-Reviews-Sonder_Financial_District-Boston_Massachusetts.html,"153 Milk Street, Boston, MA 2109",finish,42.3576641,-71.0540946
202,202,229,https://www.tripadvisor.com/Hotel_Review-g60745-d15641127-Reviews-Global_Luxury_Suites_at_The_Financial_District-Boston_Massachusetts.html,"120 Kingston St, Boston, MA 02111-2157",finish,42.3522851,-71.05910879999999
203,203,231,https://www.tripadvisor.com/Hotel_Review-g60745-d23031508-Reviews-Pristine_Fenway_Suites_By_Sonder-Boston_Massachusetts.html,None,again,0.0,0.0
204,204,234,https://www.tripadvisor.com/Hotel_Review-g60745-d20378440-Reviews-Fati_Casa_Private_Rooms-Boston_Massachusetts.html,"114 Hancock St, Boston, MA 02125-4430",finish,42.312287,-71.0635427
205,205,235,https://www.tripadvisor.com/Hotel_Review-g60745-d7356316-Reviews-Churchill_At_Landmark_Square-Boston_Massachusetts.html,"Peterborough St, Boston, MA",finish,42.3434281,-71.0983885
206,206,236,https://www.tripadvisor.com/Hotel_Review-g60745-d19825368-Reviews-Clean_Comfy_Centrally_Located_Private_Room-Boston_Massachusetts.html,"12 Bremen St, Boston, MA 02128-2301",finish,42.3689279,-71.03876079999999
207,207,239,https://www.tripadvisor.com/Hotel_Review-g60745-d15647326-Reviews-The_Ledder_House_5-Boston_Massachusetts.html,"422 Bowdoin St, Boston, MA 02122-1826",finish,42.3104221,-71.0628462
208,208,240,https://www.tripadvisor.com/Hotel_Review-g60745-d15685587-Reviews-Bluebird_Suites_at_West_End-Boston_Massachusetts.html,"4 Emerson Pl, Boston, MA 02114-2275",finish,42.3642747,-71.0680228
209,209,241,https://www.tripadvisor.com/Hotel_Review-g60745-d15685463-Reviews-Bluebird_Suites_Near_South_Station-Boston_Massachusetts.html,"99 Kneeland St, Boston, MA 02111-2431",finish,42.349625,-71.06026949999999
210,210,243,https://www.tripadvisor.com/Hotel_Review-g60745-d15749811-Reviews-The_Baldwin_at_Longwood_Medical_Area-Boston_Massachusetts.html,"49 Worthington St, Fenway Kenmore, Boston, MA 02120-1678",finish,42.3348829,-71.1015237
211,211,246,https://www.tripadvisor.com/Hotel_Review-g60745-d23026156-Reviews-Playful_South_End_Suites_By_Sonder-Boston_Massachusetts.html,None,again,0.0,0.0
212,212,248,https://www.tripadvisor.com/Hotel_Review-g60745-d15810825-Reviews-Global_Luxury_Suites_South_Boston-Boston_Massachusetts.html,"728 E Broadway, Boston, MA 02127-1504",finish,42.33592300000001,-71.03622899999999
213,213,249,https://www.tripadvisor.com/Hotel_Review-g60745-d23126807-Reviews-Bright_2BR_In_Brookline_By_Sonder-Boston_Massachusetts.html,None,again,0.0,0.0
214,214,250,https://www.tripadvisor.com/Hotel_Review-g60745-d9871709-Reviews-Sub_Urban_Vacationing-Boston_Massachusetts.html,"336 Cornell St Unit 2, Boston, MA 02131-2803",finish,42.2822264,-71.1399081
215,215,251,https://www.tripadvisor.com/Hotel_Review-g60745-d19857958-Reviews-Newly_Renovated_Shared_Apartment-Boston_Massachusetts.html,"4 Richfield St Apt 3, Boston, MA 02125-2590",finish,42.3091944,-71.0724101
